{
  "best_fitness": [
    0.9945911458333334,
    0.9951324869791667,
    0.9951324869791667,
    0.9954736328125,
    0.995505859375,
    0.995505859375,
    0.9955862630208334,
    0.9955862630208334,
    0.9955862630208334,
    0.9955862630208334,
    0.9955862630208334,
    0.9955862630208334,
    0.9955862630208334,
    0.9955862630208334,
    0.9955862630208334,
    0.9955862630208334,
    0.9955862630208334,
    0.9955862630208334,
    0.9955862630208334,
    0.9955862630208334,
    0.9955862630208334,
    0.9955862630208334,
    0.9955862630208334,
    0.9955862630208334,
    0.9959166666666668,
    0.9959166666666668,
    0.995998046875,
    0.995998046875,
    0.9960000000000001,
    0.9960000000000001,
    0.9960000000000001,
    0.9960009765625001,
    0.9960019531250001,
    0.9960019531250001,
    0.9960019531250001,
    0.9960019531250001,
    0.9960019531250001,
    0.9960019531250001,
    0.9960019531250001,
    0.9960019531250001,
    0.9960019531250001,
    0.9960019531250001,
    0.9960019531250001,
    0.9960019531250001,
    0.9960019531250001,
    0.9960019531250001,
    0.9960019531250001,
    0.9960019531250001,
    0.9960019531250001,
    0.9960019531250001
  ],
  "avg_fitness": [
    0.9934543538411458,
    0.9936992919921875,
    0.9939754964192709,
    0.9943299153645834,
    0.9946931966145833,
    0.994951456705729,
    0.9951107991536459,
    0.995189404296875,
    0.9950859049479167,
    0.9951709228515625,
    0.9953531005859375,
    0.9953132486979168,
    0.9954047688802085,
    0.9954490315755209,
    0.9953941813151042,
    0.9953889811197918,
    0.9953344970703126,
    0.995305476888021,
    0.9953033691406251,
    0.9954337890625002,
    0.9955217041015626,
    0.9954503336588543,
    0.995254207356771,
    0.9954510172526042,
    0.9955114583333333,
    0.9954455566406251,
    0.9955023681640626,
    0.9955539143880209,
    0.9956862955729168,
    0.9958099772135418,
    0.9957853190104167,
    0.9957795084635418,
    0.9958328206380209,
    0.9957823242187501,
    0.9959640380859376,
    0.9957683268229168,
    0.9958458251953125,
    0.9958251383463542,
    0.9957642578125,
    0.9958453857421876,
    0.995927197265625,
    0.9956998942057294,
    0.9956994303385418,
    0.9959417805989584,
    0.9956633056640627,
    0.9958743082682291,
    0.9958241129557293,
    0.9958557047526042,
    0.995926806640625,
    0.9958831298828127
  ],
  "cx_rate": [
    0.4004462409167506,
    0.4002104262068352,
    0.4002342456264719,
    0.40027984129888766,
    0.40031947647743266,
    0.40022997071919914,
    0.40018285826647554,
    0.40018609274965017,
    0.4001902296603665,
    0.4002497640957871,
    0.4002393005169503,
    0.4002194626662485,
    0.4002124277864343,
    0.40020791682440215,
    0.4001999446639409,
    0.4001951951286802,
    0.4001611359836802,
    0.4002153014597027,
    0.4002494268547707,
    0.4002599560320347,
    0.40016359189975587,
    0.4001146146722217,
    0.4001549286164197,
    0.400241012061026,
    0.4001515353147637,
    0.40013695223676343,
    0.400182706288684,
    0.4001678460567063,
    0.40019011789068837,
    0.40018167513476854,
    0.4001552745065367,
    0.40015851190403656,
    0.40020242113494364,
    0.40018730358538923,
    0.40021636641460856,
    0.40006498164054405,
    0.40021314041995365,
    0.4001426230653219,
    0.40018098763359106,
    0.4002340388258692,
    0.40017658940919043,
    0.40010971441140014,
    0.4002531649382512,
    0.40025280043935024,
    0.40009803670076355,
    0.4002565602008081,
    0.40014941688031486,
    0.40017912063570193,
    0.40017069378364756,
    0.40012606562362657
  ],
  "mut_rate": [
    0.14988843977081237,
    0.1499473934482912,
    0.14994143859338202,
    0.1499300396752781,
    0.14992013088064185,
    0.14994250732020023,
    0.14995428543338113,
    0.14995347681258747,
    0.1499524425849084,
    0.14993755897605324,
    0.14994017487076244,
    0.1499451343334379,
    0.14994689305339146,
    0.14994802079389946,
    0.1499500138340148,
    0.14995120121782998,
    0.14995971600407995,
    0.14994617463507434,
    0.14993764328630732,
    0.14993501099199133,
    0.14995910202506105,
    0.1499713463319446,
    0.14996126784589509,
    0.14993974698474352,
    0.14996211617130908,
    0.14996576194080916,
    0.149954323427829,
    0.14995803848582342,
    0.14995247052732794,
    0.14995458121630786,
    0.14996118137336584,
    0.14996037202399087,
    0.1499493947162641,
    0.1499531741036527,
    0.1499459083963479,
    0.149983754589864,
    0.1499467148950116,
    0.14996434423366953,
    0.14995475309160225,
    0.1499414902935327,
    0.1499558526477024,
    0.14997257139714998,
    0.14993670876543722,
    0.14993679989016245,
    0.14997549082480913,
    0.149935859949798,
    0.1499626457799213,
    0.14995521984107452,
    0.1499573265540881,
    0.14996848359409337
  ],
  "n_selected": [
    504,
    547,
    547,
    539,
    506,
    506,
    509,
    509,
    509,
    509,
    509,
    509,
    509,
    509,
    509,
    509,
    509,
    509,
    509,
    509,
    509,
    509,
    509,
    509,
    512,
    512,
    514,
    514,
    512,
    512,
    512,
    511,
    510,
    510,
    510,
    510,
    510,
    510,
    510,
    510,
    510,
    510,
    510,
    510,
    510,
    510,
    510,
    510,
    510,
    510
  ]
}