Method,Accuracy,Precision,Recall,F1,Specificity,Features,Reduction
Baseline GA,0.9973333333333333,0.9973399594192802,0.9973333333333333,0.9973331539923914,0.9986666666666668,506,49.4%
Adaptive GA,0.997,0.9970019920119721,0.997,0.9970004982511237,0.9984999999999999,510,49.8%
Adaptive GA + Grouping,0.9976666666666667,0.9976752782273373,0.9976666666666666,0.9976674886768135,0.9988333333333334,522,51.0%
